{
  "backup_data_uid": "39157fb314f399ae",
  "backup_module_uid": "84e27ad9dd12e734",
  "backup_module_uoa": "script",
  "control": {
    "author": "cTuning foundation",
    "author_email": "admin@cTuning.org",
    "author_webpage": "http://cTuning.org",
    "copyright": "See CK COPYRIGHT.txt for copyright details",
    "engine": "CK",
    "iso_datetime": "2016-06-12T17:55:08.418670",
    "license": "See CK LICENSE.txt for licensing details",
    "version": [
      "1",
      "7",
      "2dev"
    ]
  },
  "data_name": "process-wa"
}
