{"system_init.startsurfaceflinger": "0", "net.qtaguid_enabled": "1", "ro.config.hw_emerg": "on", "internal_sd_path": "/storage/emulated/0", "persist.sys.bootpackage": "1", "ro.com.google.clientidbase.am": "android-huawei", "gsm.version.ril-impl": "mtk gemini ril 1.0", "ro.mediatek.gemini_support": "false", "bgw.current3gband": "0", "vold_swap_state": "0", "init.svc.agpsd": "running", "ro.build.fingerprint": "Huawei/Y330-U01/hwY330-U01:4.2.2/HuaweiY330-U01/C00B133:user/ota-rel-keys,release-keys", "huawei.check_root.prop": "safe", "ro.config.hw_module_log": "true", "persist.bt.fwdump": "0", "ro.product.rtspplayparse": "true", "ro.product.model": "HUAWEI Y330-U01", "ril.specific.sm_cause": "0", "huawei.check_root.mount": "safe", "ro.config.hw.BH_defaultlanguage": "true", "init.svc.atcid-daemon": "running", "ro.kernel.zio": "38,108,105,16", "init.svc.debuggerd": "running", "ro.gemini.smart_sim_switch": "false", "init.svc.MiscAgent": "running", "init.svc.media": "running", "ro.keyguard.hwbkpin": "true", "sys.settings_systemex_version": "3", "init.svc.pq": "stopped", "gsm.sim.ril.phbready": "false", "ro.sf.hwrotation": "0", "nvram_init": "Ready", "ro.board.platform": "mtk", "ro.config.hw_toolbox": "true", "ro.build.kernel.version": "3.4.5\\nhuawei@android-server # 1", "ro.camera.sound.forced": "0", "gsm.sim.state": "ABSENT", "ro.config.hw_showSimName": "true", "persist.radio.fd.off.counter": "5", "ro.secure": "1", "init.svc.msensord": "stopped", "ro.config.internal_sdcard": "true", "init.svc.atci_service": "running", "init.svc.drm": "running", "ro.build.version.release": "4.2.2", "ro.build.version.codename": "REL", "net.bt.name": "Android", "sys.power_off_alarm": "0", "ro.opengles.version": "131072", "ro.baseband": "unknown", "gsm.phone.created": "true", "ro.config.add_hungary_char": "true", "ro.feature.launcher.appshare": "true", "ro.build.display.id2": "Y330-U01 V100R001C00B133", "persist.mtk.wcn.combo.chipid": "0x6572", "ro.config.hw_simpToStandConfrm": "true", "sys.usb.config": "mass_storage,adb", "gsm.baseband.capability": "55", "ro.product.board": "Y330-U01", "ro.config.hw_randomphoto": "true", "persist.radio.previousopcode0": "20810", "ro.com.google.clientidbase": "android-huawei", "ro.config.hw_rightsmgr": "1", "ro.bootloader": "unknown", "curlockscreen": "1", "ro.sys.usb.charging.only": "yes", "sys.hwsholder.count": "0", "persist.gemini.sim_num": "1", "gsm.network.type": "unknown", "ro.config.hw_enable_sns": "true", "ro.config.video_transer_off": "true", "init.svc.hwnffserver": "running", "gsm.roaming.indicator.needed.2": "false", "net.tcp.buffersize.evdo": "4094,87380,262144,4096,16384,262144", "persist.ril.cfu.querytype": "", "sys.usb.state": "mass_storage,adb", "mediatek.wlan.ctia": "0", "ro.build.model": "Y330-U01", "persist.radio.default_sim_mode": "0", "net.hostname": "android-fcc1338d1713af7a", "ro.config.hw_glovemode_enabled": "0", "persist.sys.localevar": "", "init.svc.netdiag": "running", "dalvik.vm.stack-trace-file": "/data/anr/traces.txt", "ro.custom.build.version": "19", "ro.build.version.incremental": "C00B133", "ro.crypto.fs_mnt_point": "/data", "ro.product.cpu.abi2": "armeabi", "init.svc.mobile_log_d": "running", "persist.radio.default_sim": "0", "ro.mediatek.version.sdk": "1", "init.svc.filebackup": "running", "ro.crypto.fs_options": "noauto_da_alloc", "ro.crypto.fs_real_blkdev": "/emmc@usrdata", "init.svc.batterywarning": "running", "ro.hwcamera.video.format": "3gp", "dalvik.vm.heapgrowthlimit": "96m", "ro.huawei.cust.drm.fl_only": "false", "ro.config.message_ntf": "Whisper.ogg", "gsm.version.baseband": "MOLY.WR8.W1315.MD.WG.MP.V15.P11, 2014/05/17 08:18", "ro.config.notify_disable": "true", "persist.sys.safemode": "", "ro.config.hw_blacklist": "true", "sys.usb.vid": "12D1", "ro.build.realversion.id": "Y330-U01 V100R001C00B133", "ro.runtime.firstboot": "1465453276652", "persist.first_boot": "0", "ro.config.app_big_icon_size": "90", "net.tcp.buffersize.hsupa": "4094,87380,524288,4096,16384,524288", "ro.dual.sim.phone": "false", "ro.product.manufacturer": "HUAWEI", "ro.com.google.clientidbase.gmm": "android-huawei", "ro.config.hw_ChipPlatform": "MTK_Platform", "gsm.sim.retry.puk1": "", "debug.mtklog.netlog.Running": "0", "gsm.operator.isroaming": "false", "sys.ipo.pwrdncap": "2", "ro.product.brand": "Huawei", "ro.mediatek.platform": "MT6572", "net.tcp.buffersize.hspap": "4094,87380,1220608,4096,16384,1220608", "wifi.interface": "wlan0", "wifi.direct.interface": "p2p0", "ro.com.google.clientidbase.yt": "android-huawei", "init.svc.terservice": "stopped", "ro.config.hwtheme": "1", "init.svc.bootanim": "stopped", "init.svc.nvram_daemon": "stopped", "init.svc.netd": "running", "ril.flightmode.poweroffMD": "1", "init.svc.thermald": "running", "persist.sys.country": "GB", "sys.emergency.mountdata": "0", "persist.sys.ring.index": "5", "persist.sys.mute.state": "2", "ril.first.md": "1", "ro.build.flavor": "", "rild.libargs": "-d /dev/ttyC0", "ro.ringtone2.enabled": "false", "huawei.check_root.hotapermit": "safe", "ro.build.type": "user", "persist.radio.previousiccid0": "89331034110053771416", "ro.mediatek.version.branch": "ALPS.JB3.MP", "ro.config.dsds_mode": "gsm", "vold.post_fs_data_done": "1", "sys.start.first": "1", "ril.ready.sim": "false", "gsm.sim.retry.pin2": "", "gsm.sim.retry.pin1": "", "ro.config.hw.security_volume": "11", "debug.mdlogger.Running": "0", "ro.config.hw_simpleui_enable": "1", "ter.service.enable": "0", "gsm.roaming.indicator.needed": "false", "ro.crypto.state": "unsupported", "huawei.check_root.su": "safe", "init.svc.ueventd": "running", "persist.mtk.aee.aed": "on", "ro.mtprof.disable": "1", "ro.sys.usb.storage.type": "mtp,mass_storage", "ro.audio.silent": "0", "ro.build.version.emui": "EmotionUI_2.0", "rild.libpath": "/system/lib/mtk-ril.so", "init.svc.wlanLoader": "stopped", "ro.config.emergencycall_show": "false", "net.change": "net.qtaguid_enabled", "init.svc.surfaceflinger": "running", "debug.MB.running": "0", "ro.config.hw_ReplaceSr": "true", "ro.lifeAndEe.ApnShow": "true", "init.svc.ccci_mdinit": "running", "init.svc.matv": "running", "ro.sf.lcd_density": "240", "net.tcp.buffersize.hsdpa": "4094,87380,524288,4096,16384,524288", "sys.boot.reason": "0", "ro.sys.usb.bicr": "yes", "ro.product.device": "hwY330-U01", "net.tcp.buffersize.hspa": "4094,87380,524288,4096,16384,524288", "init.svc.logswitchserver": "restarting", "ro.product.locale.region": "GB", "ro.config.browser_def_hw_nav": "false", "net.tcp.buffersize.lte": "524288,1048576,2097152,262144,524288,1048576", "ro.config.notification_sound": "Bongo.ogg", "ro.hwcamera.soundshutter": "HW_SOUNDCAPTURE", "persist.radio.fd.r8.counter": "15", "ril.radiooff.poweroffMD": "0", "ro.build.product": "Y330-U01", "ro.build.id": "HuaweiY330-U01", "ro.factorytest": "0", "init.svc.servicemanager": "running", "gsm.operator.alpha.ril": "", "init.svc.gsm0710muxd": "running", "ro.mediatek.version.release": "ALPS.JB3.MP.V1.37", "init.svc.mtkbt": "running", "net.tcp.buffersize.edge": "4093,26280,35040,4096,16384,35040", "ro.product.Certification": "true", "dalvik.vm.heapsize": "128m", "ro.config.hw_allow_ums_and_mtp": "true", "ro.build.host": "ubuntu", "init.svc.conn_launcher": "running", "ro.config.hw_use_browser_ua": "http://wap1.huawei.com/uaprof/HUAWEI_Y330-U01_UAProfile.xml", "persist.radio.previousimsi0": "208103494604459", "persist.radio.fd.counter": "15", "gsm.gcf.testmode": "0", "sys.boot_completed": "1", "fmradio.driver.enable": "1", "ro.config.hw_log": "true", "ro.config.delfontitem.hwtheme": "true", "gsm.operator.numeric": "", "ro.config.lockscreen_lensflare": "false", "ro.product.CustDVersion": "D001", "init.svc.xlogboot": "stopped", "init.svc.sdcard": "running", "persist.service.adb.enable": "", "gsm.project.baseband": "HUAWEI72_WE_JB3_HSPA_HW(DEFAULT)", "init.svc.adbd": "running", "ro.setupwizard.mode": "OPTIONAL", "ro.revision": "0", "ro.cellbroadcast.emergencyids": "4370-4399,919,4352-4354", "gsm.3gswitch": "1", "service.bootanim.exit": "1", "ro.build.date": "Thu Aug 14 21:30:03 CST 2014", "init.svc.NvRAMAgent": "running", "ro.crypto.fs_type": "ext4", "persist.radio.fd.off.r8.counter": "5", "ro.bootmode": "unknown", "ro.build.date.utc": "1408023003", "persist.sys.sd.defaultpath": "/storage/emulated/0", "ril.iccid.sim1": "N/A", "gsm.ril.uicctype": "", "ro.com.google.clientidbase.ms": "android-huawei", "ro.product.cpu.abi": "armeabi-v7a", "gsm.serial": "4C2PNL14A5062781", "ro.product.name": "Y330-U01", "ro.debuggable": "0", "persist.sys.first_time_boot": "false", "ro.config.hw.security_enabled": "true", "gsm.operator.alpha.cust": "Emergency calls only", "init.svc.vold": "running", "ro.build.characteristics": "default", "ro.crypto.fs_flags": "0x00000406", "persist.sys.primarysd": "0", "dalvik.vm.mtk-stack-trace-file": "/data/anr/mtk_traces.txt", "ril.gsm1.rssi": "-86", "ril.fd.mode": "1", "ro.product.CustCVersion": "C432", "ro.config.ringtone2": "Huawei_Tune.ogg", "ro.config.hw_allow_rs_mms": "true", "ro.config.hw_singlehand": "0", "dev.bootcomplete": "1", "persist.sys.userChangeConWay": "true", "sys.settings_system_version": "5", "ro.build.cta.id": "Y330-U01 V100R001C00B133", "init.svc.hald": "running", "persist.radio.nitz_oper_sname": "AT&T", "init.svc.installd": "running", "ro.zygote.preload.enable": "0", "ro.config.email_ntf": "Letter.ogg", "ro.config.hide_emerg_icon": "true", "ro.config.hw_enable_merge": "true", "ro.build.tags": "ota-rel-keys,release-keys", "ro.config.hw_vcardBase64": "true", "ril.telephony.mode": "3", "init.svc.DMAgent": "running", "android_id": "fcc1338d1713af7a", "ro.boot.serialno": "SWQ49TFIT8YLU4DE", "ro.allow.mock.location": "0", "ro.config.hw_mmi_code": "92,93,94", "ro.build.cust.id": "Y330-U01 V100R001C00B133", "ro.build.description": "Y330-U01-user 4.2.2 HuaweiY330-U01 C00B133 ota-rel-keys,release-keys", "ro.config.hw_showringtimes": "true", "ro.hwcamera.directory": "/DCIM/Camera", "ro.config.disable_spellcheck": "da,sv,nb,fi,nl", "sys.ipowin.done": "1", "persist.sys.profiler_ms": "0", "init.svc.GoogleOtaAgent": "running", "ro.config.hw_optb": "999", "ro.config.hw_opta": "432", "init.svc.mdlogger": "running", "persist.radio.nitz_oper_lname": "AT&T", "init.svc.thermal": "running", "ro.config.hw_allowformat": "true", "init.svc.xlogdebugchanged": "stopped", "persist.service.acm.enable": "", "ro.sys.usb.mtp.whql.enable": "0", "ro.hardware": "mt6572", "ro.config.hw_pic_limit_size": "50", "ro.config.switchPrimaryVolume": "true", "init.svc.thermal_manager": "stopped", "init.svc.setdevid_service": "stopped", "gsm.siminfo.ready": "true", "persist.sys.usb.config": "mass_storage,adb", "ro.mediatek.chip_ver": "S01", "drm.service.enabled": "true", "ro.serialno": "SWQ49TFIT8YLU4DE", "persist.sys.smart_power": "3", "ril.external.md": "0", "ro.com.google.gmsversion": "4.2_r6", "init.svc.bootlogoupdater": "stopped", "ro.cofig.onlinemusic.enabled": "false", "init.svc.zygote": "running", "ro.config.alarm_alert": "Huawei_Alarm.ogg", "ro.config.hw_GSensorOptimize": "true", "dev.startserver.first": "1", "ro.build.display.id": "Y330-U01 V100R001C00B133", "ro.mount.fs": "EXT4", "ro.build.time.cmcc": "2014-08-18 18:00:00", "ro.config.ringtone": "Huawei_Tune.ogg", "ro.mediatek.wlan.p2p": "1", "gsm.sim.retry.puk2": "", "gsm.hw.cust.ecclist_operator1": "+112;", "persist.af.modem.sph_enh_mask": "0xffbf 0xffffffbf", "gsm.current.phone-type": "1", "ro.config.replace_operator_name": "true", "persist.sys.timezone": "Europe/Paris", "init.svc.BGW": "running", "ril.current.share_modem": "1", "init.svc.check_root": "stopped", "ro.config.spare_ntp_server": "pool.ntp.org", "init.svc.sbchk": "stopped", "ro.config.vm_prioritymode": "2", "init.svc.ril-daemon": "running", "mediatek.wlan.chip": "mediatek.wlan.module.postfix=_", "debug.log2sd.defaultpath": "/mnt/sdcard", "net.tcp.buffersize.umts": "4094,87380,524288,4096,16384,524288", "persist.sys.language": "en", "ro.config.low_ram": "true", "huawei.check_root.adbd": "safe", "ro.mediatek.wlan.wsc": "1", "gsm.operator.alpha": "", "ro.wifi.channels": "", "net.tcp.buffersize.wifi": "524288,1048576,2097152,262144,524288,1048576", "net.tcp.buffersize.gprs": "4092,8760,11680,4096,8760,11680", "persist.sys.alarm.enable.uhb": "0", "wifi.tethering.interface": "ap0", "ro.config.small.previewpos": "right", "persist.radio.nitz_oper_code": "310410", "ro.build.version.sdk": "17", "ro.config.calendar": "Singing.ogg", "net.tcp.buffersize.default": "4096,87380,524288,4096,16384,524288", "gsm.version.baseband.cmcc": "WR8.W12.46.P6,2014/08/18 18:00", "init.svc.keystore": "running", "ro.huawei.cust.oma_drm": "true", "mux.report.case": "0", "gsm.operator.iso-country": "", "ro.config.mobile_data_enabled": "true", "ro.build.user": "z00182893", "ro.product.locale.language": "en", "ro.gemini.smart_3g_switch": "0", "external_sd_path": "/storage/sdcard1", "init.svc.dbus": "running", "ro.config.ce_authenticate": "1", "init.svc.ccci_fsd": "running", "init.svc.sn": "stopped"}