{
    "project": null, 
    "reboot_policy": "as_needed", 
    "execution_order": "by_iteration", 
    "device_config": {
        "package_data_directory": "/data/data", 
        "android_prompt": "^.*(shell|root)@.*:/\\S* [#$] ", 
        "adb_name": null, 
        "logcat_poll_period": null, 
        "property_files": [
            "/etc/arch-release", 
            "/etc/debian_version", 
            "/etc/lsb-release", 
            "/proc/config.gz", 
            "/proc/cmdline", 
            "/proc/cpuinfo", 
            "/proc/version", 
            "/proc/zconfig", 
            "/sys/kernel/debug/sched_features", 
            "/sys/kernel/hmp"
        ], 
        "core_names": [], 
        "core_clusters": [], 
        "modules": null, 
        "external_storage_directory": "/sdcard", 
        "connection": "usb", 
        "working_directory": "/sdcard/wa-working", 
        "scheduler": "unknown", 
        "iks_switch_frequency": null, 
        "binaries_directory": "/data/local/tmp", 
        "enable_screen_check": false, 
        "swipe_to_unlock": null
    }, 
    "result_processors": {
        "status": {
            "modules": null
        }, 
        "json": {
            "modules": null
        }, 
        "standard": {
            "modules": null
        }
    }, 
    "project_stage": null, 
    "run_name": null, 
    "device": "generic_android", 
    "instrumentation": {
        "execution_time": {
            "modules": null
        }, 
        "interrupts": {
            "modules": null
        }, 
        "cpufreq": {
            "tmpfs_size": "32m", 
            "paths": null, 
            "tmpfs_mount_point": null, 
            "use_tmpfs": null, 
            "modules": null
        }
    }, 
    "other_config": {}, 
    "flashing_config": {}, 
    "max_retries": 3, 
    "workload_specs": [
        {
            "instrumentation": [
                "execution_time", 
                "interrupts", 
                "cpufreq"
            ], 
            "runtime_parameters": {}, 
            "workload_name": "dhrystone", 
            "number_of_iterations": 1, 
            "flash": {}, 
            "enabled": true, 
            "section_id": null, 
            "label": "dhrystone", 
            "id": "1", 
            "classifiers": {}, 
            "boot_parameters": {}, 
            "workload_parameters": {
                "taskset_mask": 0, 
                "mloops": 0, 
                "modules": null, 
                "delay": 0, 
                "threads": 4, 
                "duration": 0
            }
        }
    ], 
    "retry_on_status": [
        "FAILED", 
        "PARTIAL"
    ]
}