{
  "backup_data_uid": "b2266394b3bba0f0", 
  "backup_module_uid": "befd7892b0d469e9", 
  "backup_module_uoa": "repo", 
  "control": {
    "author": "Grigori Fursin", 
    "author_email": "Grigori.Fursin@cTuning.org", 
    "author_webpage": "http://fursin.net", 
    "copyright": "See CK COPYRIGHT.txt for copyright details", 
    "engine": "CK", 
    "iso_datetime": "2016-06-09T23:36:32.607000", 
    "license": "See CK LICENSE.txt for licensing details", 
    "version": [
      "1", 
      "7", 
      "2dev"
    ]
  }, 
  "data_name": "remote-wa"
}
