{
  "backup_data_uid": "53fc154f34ab6b17",
  "backup_module_uid": "032630d041b4fd8a",
  "backup_module_uoa": "module",
  "control": {
    "author": "Grigori Fursin",
    "author_email": "Grigori.Fursin@cTuning.org",
    "author_webpage": "http://fursin.net",
    "copyright": "See CK COPYRIGHT.txt for copyright details",
    "engine": "CK",
    "iso_datetime": "2016-10-12T12:07:40.212967",
    "license": "See CK LICENSE.txt for licensing details",
    "version": [
      "1",
      "8",
      "3dev"
    ]
  },
  "data_name": "crowd-benchmark shared workloads via ARM WA framework"
}
