{
  "actions": {
    "crowdsource": {
      "desc": "crowdsource these experiments"
    }
  },
  "external_html": {
    "module_uoa":"9db0db9369416e1b",
    "action":"show",
    "crowd_key":"ck_wa_"
  },
  "copyright": "See CK COPYRIGHT.txt for copyright details",
  "desc": "crowd-benchmark shared workloads via ARM WA framework",
  "developer": "Grigori Fursin",
  "developer_email": "Grigori.Fursin@cTuning.org",
  "developer_webpage": "http://fursin.net/research.html",
  "license": "See CK LICENSE.txt for licensing details",
  "module_deps": {
    "env": "9b9b3208ac44b891",
    "graph": "2d41f89bcf32d4d4",
    "machine": "84be34883a81b2a9",
    "module": "032630d041b4fd8a",
    "platform.cpu": "aa6b542a420b8db9",
    "platform.os": "41e31cc4496b8a8e",
    "program": "b0ac08fe1d3c2615",
    "program.optimization": "27bc42ee449e880e",
    "soft": "5e1100048ab875d7",
    "wa": "a84942d75660dcf9"
  },
  "priority": 10,
  "program_tags": "crowd-benchmarking,wa",
  "tags": [
    "crowdsource",
    "experiments",
    "program benchmarking",
    "program optimization", 
    "wa",
    "android"
  ]
}
