{
  "backup_data_uid": "0f8342b69fba54cb",
  "data_name": "antutu",
  "deps": {
    "wa": {
      "env_key": "WA",
      "local": "yes",
      "name": "ARM Workload Automation",
      "sort": 10,
      "tags": "tool,wa"
    }
  },
  "print_files_after_run": [
    "tmp-output2.tmp",
    "wa_output/status.txt",
    "wa_output/antutu_1_1/result.txt"
  ],
  "process_in_tmp": "yes",
  "program": "yes",
  "run_cmds": {
    "default": {
      "ignore_return_code": "no",
      "run_time": {
        "fine_grain_timer_file": "tmp-ck-timer.json",
        "run_cmd_main": "wa run antutu -f",
        "run_cmd_out1": "tmp-output1.tmp",
        "run_cmd_out2": "tmp-output2.tmp",
        "run_output_files": []
      }
    }
  },
  "tags": [
    "wa",
    "workload-automation",
    "antutu"
  ],
  "wa_desc": "AnTuTu Benchmark is an benchmarking tool for Android Mobile Phone/Pad. It can run a full test of a key project, through the \"Memory Performance\",\"CPU Integer Performance\",\"CPU Floating point Performance\",\"2D 3D Graphics Performance\",\"SD card reading/writing speed\",\"Database IO\" performance testing, and gives accurate analysis for Andriod smart phones."
}
