{
  "backup_data_uid": "694431881401480c",
  "backup_module_uid": "032630d041b4fd8a",
  "backup_module_uoa": "module",
  "control": {
    "author": "cTuning foundation",
    "author_email": "admin@cTuning.org",
    "author_webpage": "http://cTuning.org",
    "copyright": "See CK-WA COPYRIGHT.txt for copyright details",
    "engine": "CK",
    "iso_datetime": "2016-10-06T11:03:15.508577",
    "license": "See CK-WA LICENSE.txt for licensing details",
    "version": [
      "1",
      "8",
      "3dev"
    ]
  },
  "data_name": "wa-scenario"
}
