{
  "wa": {
    "sort": 10, 
    "bat": "export CK_ENV_SCRIPT_WA=/home/fursin/CK/local/env/d97f2211df5d2d5a/env.sh\n. /home/fursin/CK/local/env/d97f2211df5d2d5a/env.sh\n", 
    "cus": {
      "soft_version_cmd": {
        "linux": "--version > $#filename#$ 2>&1"
      }, 
      "only_for_host_os_tags": [
        "linux"
      ], 
      "soft_file": {
        "linux": "wa"
      }, 
      "skip_path": "yes", 
      "only_for_target_os_tags": [
        "linux", 
        "android"
      ], 
      "version_split": [
        0
      ], 
      "version": "trunk", 
      "env_prefix": "CK_ENV_TOOL_ARM_WA", 
      "extra_dir": "", 
      "skip_file_check": "yes", 
      "limit_recursion_dir_search": {
        "linux": 3
      }, 
      "check_that_exists": "yes", 
      "force_path": "/usr/local/bin/wa", 
      "ck_version": 10, 
      "full_path": "/home/fursin/CK-TOOLS/tool-arm-wa-trunk-linux-64"
    }, 
    "name": "ARM Workload Automation", 
    "tags": "tool,wa", 
    "uoa": "d97f2211df5d2d5a", 
    "choices": [
      "d97f2211df5d2d5a"
    ], 
    "num_entries": 1, 
    "env_key": "WA", 
    "dict": {
      "deps": {
        "python": {
          "sort": 10, 
          "bat": ". /home/fursin/CK/local/env/2061c6545449d61f/env.sh\n", 
          "ver": "2.7.6", 
          "name": "Python compiler (v2.x)", 
          "tags": "compiler,lang-python", 
          "build_dir_name": "python", 
          "uoa": "2061c6545449d61f", 
          "choices": [
            "2061c6545449d61f"
          ], 
          "num_entries": 1, 
          "dict": {
            "deps": {}, 
            "tags": [
              "64bits", 
              "compiler", 
              "host-os-linux-64", 
              "lang-python", 
              "python", 
              "target-os-linux-64", 
              "v2", 
              "v2.7", 
              "v2.7.6"
            ], 
            "customize": {
              "soft_version_cmd": {
                "win": "--version > $#filename#$ 2>&1", 
                "linux": "--version > $#filename#$ 2>&1"
              }, 
              "only_for_host_os_tags": [
                "windows", 
                "linux"
              ], 
              "build_dir_name": "python", 
              "env_prefix": "CK_ENV_COMPILER_PYTHON", 
              "skip_path": "yes", 
              "only_for_target_os_tags": [
                "windows", 
                "linux"
              ], 
              "languages": [
                "PYTHON"
              ], 
              "soft_file": {
                "win": "python.exe", 
                "linux": "python"
              }, 
              "version": "2.7.6", 
              "soft_file_from_host_os": "yes", 
              "add_only_with_version": "yes", 
              "version_split": [
                2, 
                7, 
                6
              ], 
              "limit_recursion_dir_search": {
                "win": 4, 
                "linux": 3
              }, 
              "check_that_exists": "yes", 
              "ck_version": 10, 
              "full_path": "/usr/bin/python"
            }, 
            "setup": {
              "version_split": [
                2, 
                7, 
                6
              ], 
              "target_os_bits": "64", 
              "version": "2.7.6", 
              "host_os_uoa": "4258b5fe54828a50", 
              "target_os_uoa": "4258b5fe54828a50"
            }, 
            "env_script": "env.sh", 
            "soft_uoa": "45d68512df22fde7", 
            "env": {
              "CK_ENV_COMPILER_PYTHON": "/usr", 
              "CK_PY_OBJ_EXT": ".pyc", 
              "CK_ENV_COMPILER_PYTHON_BIN": "/usr/bin", 
              "CK_PYC": "python", 
              "CK_PY_RT": "python"
            }
          }, 
          "local": "yes"
        }
      }, 
      "tags": [
        "64bits", 
        "arm", 
        "host-os-linux-64", 
        "target-os-linux-64", 
        "tool", 
        "v0", 
        "wa"
      ], 
      "customize": {
        "soft_version_cmd": {
          "linux": "--version > $#filename#$ 2>&1"
        }, 
        "only_for_host_os_tags": [
          "linux"
        ], 
        "soft_file": {
          "linux": "wa"
        }, 
        "skip_path": "yes", 
        "only_for_target_os_tags": [
          "linux", 
          "android"
        ], 
        "version_split": [
          0
        ], 
        "version": "trunk", 
        "env_prefix": "CK_ENV_TOOL_ARM_WA", 
        "extra_dir": "", 
        "skip_file_check": "yes", 
        "limit_recursion_dir_search": {
          "linux": 3
        }, 
        "check_that_exists": "yes", 
        "force_path": "/usr/local/bin/wa", 
        "ck_version": 10, 
        "full_path": "/home/fursin/CK-TOOLS/tool-arm-wa-trunk-linux-64"
      }, 
      "setup": {
        "version": "trunk", 
        "deps_python": "2061c6545449d61f", 
        "version_split": [
          0
        ], 
        "target_os_bits": "64", 
        "host_os_uoa": "4258b5fe54828a50", 
        "target_os_uoa": "4258b5fe54828a50"
      }, 
      "env_script": "env.sh", 
      "package_uoa": "6976e5ab692baf91", 
      "soft_uoa": "65d719061a41f7ae", 
      "env": {
        "CK_ENV_TOOL_ARM_WA": "/usr/local", 
        "CK_ENV_TOOL_ARM_WA_BIN": "/usr/local/bin"
      }
    }, 
    "ver": "trunk", 
    "local": "yes"
  }
}
