{
  "check_exit_status": "yes", 
  "customize": {
    "skip_file_check": "yes",
    "install_env": {
      "WA_URL": "https://github.com/ARM-software/workload-automation"
    },
    "extra_dir": "", 
    "version": "trunk",
    "use_git_revision":"yes",
    "git_src_dir":"src"
  }, 
  "end_full_path": {
    "linux": "src/scripts/wa",
    "android": "src$#sep#$scripts$#sep#$wa" 
  }, 
  "only_for_host_os_tags": [
    "linux",
    "windows" 
  ], 
  "only_for_target_os_tags": [
    "linux", 
    "android"
  ], 
  "process_script": "process", 
  "soft_uoa": "65d719061a41f7ae",
  "suggested_path": "tool-arm-wa", 
  "tags": [
    "tool", 
    "arm", 
    "wa"
  ]
}
