{
  "backup_data_uid": "774fdb8137d2c7b8",
  "backup_module_uid": "0e1dbf34af69c41f",
  "backup_module_uoa": "demo",
  "control": {
    "author": "cTuning foundation",
    "author_email": "admin@cTuning.org",
    "author_webpage": "http://cTuning.org",
    "copyright": "See CK COPYRIGHT.txt for copyright details",
    "engine": "CK",
    "iso_datetime": "2016-09-19T00:50:13.249085",
    "license": "See CK LICENSE.txt for licensing details",
    "version": [
      "1",
      "8",
      "2dev"
    ]
  },
  "data_name": "run-wa-dhrystone"
}
