{
  "ck_to_env": {
    "CK_WA_SCRIPTS_PATH": "script:39157fb314f399ae"
  }, 
  "backup_data_uid": "43d594d629cebf53",
  "data_name": "audio",
  "deps": {
    "wa": {
      "env_key": "WA",
      "local": "yes",
      "name": "ARM Workload Automation",
      "sort": 10,
      "tags": "tool,wa"
    }
  },
  "print_files_after_run": [
    "tmp-output2.tmp",
    "wa_output/status.txt",
    "wa_output/audio_1_1/result.txt"
  ],
  "process_in_tmp": "yes",
  "program": "yes",
  "run_cmds": {
    "default": {
      "ignore_return_code": "no",
      "run_time": {
        "post_process_cmds": [
          "python $<<CK_WA_SCRIPTS_PATH>>$$#dir_sep#$convert_output_to_ck_format.py"
        ],
        "fine_grain_timer_file": "tmp-ck-timer.json",
        "run_cmd_main": "wa run audio -f $<<EXTRA_CMD>>$",
        "run_cmd_out1": "tmp-output1.tmp",
        "run_cmd_out2": "tmp-output2.tmp",
        "run_output_files": []
      }
    }
  },
  "tags": [
    "wa",
    "workload-automation",
    "audio"
  ],
  "wa_desc": "Audio workload plays an MP3 file using the built-in music player. By default, it plays Canon_in_D_Pieano.mp3 for 30 seconds."
}
