{
  "top_menu": [
    {
      "module_uoa": "", 
      "module_uoas": [
        ""
      ], 
      "url_extra": "action=index&module_uoa=wfe&native_action=show&native_module_uoa=wa", 
      "native_module_uoa":"wa",
      "native_action":"show",
      "default":"yes",
      "name": "Dashboard"
    }, 
    {
      "module_uoa": "program", 
      "url_extra_browse":"ck_top_search_tag=wa",
      "module_uoas": [
        "program", 
        "b0ac08fe1d3c2615"
      ], 
      "name": "Workloads"
    }, 
    {
      "module_uoa": "experiment", 
      "url_extra_browse":"ck_top_search_tag=wa",
      "module_uoas": [
        "experiment", 
        "bc0409fb61f0aa82"
      ], 
      "name": "Experiments"
    }, 
    {
      "module_uoa": "", 
      "module_uoas": [
      ], 
      "name": "Browse"
    }, 
    {
      "name": "Get CK-powered WA", 
      "url": "https://github.com/dividiti/ck-wa"
    }
  ],
  "extra_html_after_menu":""
}
