{
  "backup_data_uid": "bf80b84064a65cfd",
  "ck_to_env": {
    "CK_WA_SCRIPTS_PATH": "script:39157fb314f399ae"
  },
  "clean_dirs":["wa_output"],
  "data_name": "$#wa_name#$",
  "deps": {
    "wa": {
      "force_target_as_host": "yes",
      "env_key": "WA",
      "local": "yes",
      "name": "ARM Workload Automation",
      "sort": 10,
      "tags": "tool,wa"
    }
  },
  "no_compile": "yes",
  "no_target_file": "yes",
  "print_files_after_run": [
    "tmp-output2.tmp",
    "wa_output/status.txt",
    "wa_output/$#wa_name#$_1_1/result.txt"
  ],
  "process_in_tmp": "yes",
  "program": "yes",
  "required_device_access_type": ["wa_android","wa_linux"],
  "run_cmds": {
    "default": {
      "ignore_return_code": "no",
      "run_time": {
        "fine_grain_timer_file": "tmp-ck-timer.json",
        "pre_process_via_ck": {
          "module_uoa":"script",
          "data_uoa":"process-wa",
          "script_name":"preprocess_workload"
        },
        "post_process_via_ck":"yes",
        "post_process_cmds": [
          "python $<<CK_WA_SCRIPTS_PATH>>$$#dir_sep#$postprocess_workload.py"
        ],
        "run_cmd_main": "wa run $<<CK_WA_CMD>>$",
        "run_cmd_out1": "tmp-output1.tmp",
        "run_cmd_out2": "tmp-output2.tmp",
        "run_output_files": []
      }
    }
  },
  "run_via_third_party":"yes",
  "tags": [
    "wa",
    "workload-automation",
    "$#wa_name#$"
  ],
  "wa_desc": "Runs the Dhrystone benchmark"
}
