[
    {
        "metrics": [
            {
                "units": null, 
                "lower_is_better": false, 
                "name": "thread 0 score", 
                "value": 1013788, 
                "classifiers": {}
            }, 
            {
                "units": null, 
                "lower_is_better": false, 
                "name": "thread 0 DMIPS", 
                "value": 577, 
                "classifiers": {}
            }, 
            {
                "units": null, 
                "lower_is_better": false, 
                "name": "thread 1 score", 
                "value": 1012966, 
                "classifiers": {}
            }, 
            {
                "units": null, 
                "lower_is_better": false, 
                "name": "thread 1 DMIPS", 
                "value": 577, 
                "classifiers": {}
            }, 
            {
                "units": null, 
                "lower_is_better": false, 
                "name": "thread 2 score", 
                "value": 1012966, 
                "classifiers": {}
            }, 
            {
                "units": null, 
                "lower_is_better": false, 
                "name": "thread 2 DMIPS", 
                "value": 577, 
                "classifiers": {}
            }, 
            {
                "units": null, 
                "lower_is_better": false, 
                "name": "thread 3 score", 
                "value": 1013788, 
                "classifiers": {}
            }, 
            {
                "units": null, 
                "lower_is_better": false, 
                "name": "thread 3 DMIPS", 
                "value": 577, 
                "classifiers": {}
            }, 
            {
                "units": "seconds", 
                "lower_is_better": true, 
                "name": "time", 
                "value": 24.864463, 
                "classifiers": {}
            }, 
            {
                "units": null, 
                "lower_is_better": false, 
                "name": "total DMIPS", 
                "value": 2308, 
                "classifiers": {}
            }, 
            {
                "units": null, 
                "lower_is_better": false, 
                "name": "total score", 
                "value": 4053508, 
                "classifiers": {}
            }, 
            {
                "units": "seconds", 
                "lower_is_better": false, 
                "name": "execution_time", 
                "value": 50.42229509353638, 
                "classifiers": {}
            }
        ], 
        "workload": "dhrystone", 
        "iteration": 1, 
        "id": "1"
    }
]