{
  "backup_data_uid": "f4e806467487148e",
  "backup_module_uid": "88eef0cd8c43b68a",
  "backup_module_uoa": "docker",
  "control": {
    "author": "Grigori Fursin",
    "author_email": "Grigori.Fursin@cTuning.org",
    "author_webpage": "http://fursin.net",
    "copyright": "See CK COPYRIGHT.txt for copyright details",
    "engine": "CK",
    "iso_datetime": "2016-06-09T11:03:08.756160",
    "license": "See CK LICENSE.txt for licensing details",
    "version": [
      "1",
      "7",
      "2dev"
    ]
  },
  "data_name": "ubuntu-16.04-wa"
}
