{
  "backup_data_uid": "50bd50ef0723105a",
  "backup_module_uid": "032630d041b4fd8a",
  "backup_module_uoa": "module",
  "control": {
    "author": "cTuning foundation",
    "author_email": "admin@cTuning.org",
    "author_webpage": "http://cTuning.org",
    "copyright": "See CK COPYRIGHT.txt for copyright details",
    "engine": "CK",
    "iso_datetime": "2016-06-12T15:51:57.307513",
    "license": "See CK LICENSE.txt for licensing details",
    "version": [
      "1",
      "7",
      "2dev"
    ]
  },
  "data_name": "device"
}
