{
  "execution_time": 50.46686410903931, 
  "execution_time_kernel_0": 50.46686410903931, 
  "log_stderr": "\u001b[32mINFO     \u001b[0mCreating output directory.\u001b[32m\u001b[0m\n\u001b[32mINFO     \u001b[0mInitializing\u001b[32m\u001b[0m\n\u001b[32mINFO     \u001b[0mRunning workloads\u001b[32m\u001b[0m\n\u001b[32mINFO     \u001b[0mConnecting to device\u001b[32m\u001b[0m\n\u001b[32mINFO     \u001b[0mInitializing device\u001b[32m\u001b[0m\n\u001b[32mINFO     \u001b[0mInitializing workloads\u001b[32m\u001b[0m\n\u001b[32mINFO     \u001b[0mRunning workload 1 dhrystone (iteration 1)\u001b[32m\u001b[0m\n\u001b[32mINFO     \u001b[0m\tSetting up\u001b[32m\u001b[0m\n\u001b[32mINFO     \u001b[0m\tExecuting\u001b[32m\u001b[0m\n\u001b[32mINFO     \u001b[0m\tProcessing result\u001b[32m\u001b[0m\n\u001b[32mINFO     \u001b[0m\tTearing down\u001b[32m\u001b[0m\n\u001b[32mINFO     \u001b[0mFinalizing workloads\u001b[32m\u001b[0m\n\u001b[32mINFO     \u001b[0mFinalizing.\u001b[32m\u001b[0m\n\u001b[32mINFO     \u001b[0mProcessing overall results\u001b[32m\u001b[0m\n\u001b[32mINFO     \u001b[0mStatus available in wa_output/status.txt\u001b[32m\u001b[0m\n\u001b[32mINFO     \u001b[0mDone.\u001b[32m\u001b[0m\n\u001b[32mINFO     \u001b[0mRun duration: 53 seconds\u001b[32m\u001b[0m\n\u001b[32mINFO     \u001b[0mRan a total of 1 iterations: 1 OK\u001b[32m\u001b[0m\n\u001b[32mINFO     \u001b[0mResults can be found in wa_output\u001b[32m\u001b[0m\n", 
  "log_stdout": "", 
  "results": [
    {
      "id": "1", 
      "iteration": 1, 
      "metrics": [
        {
          "classifiers": {}, 
          "lower_is_better": false, 
          "name": "thread 0 score", 
          "units": null, 
          "value": 1013788
        }, 
        {
          "classifiers": {}, 
          "lower_is_better": false, 
          "name": "thread 0 DMIPS", 
          "units": null, 
          "value": 577
        }, 
        {
          "classifiers": {}, 
          "lower_is_better": false, 
          "name": "thread 1 score", 
          "units": null, 
          "value": 1013377
        }, 
        {
          "classifiers": {}, 
          "lower_is_better": false, 
          "name": "thread 1 DMIPS", 
          "units": null, 
          "value": 577
        }, 
        {
          "classifiers": {}, 
          "lower_is_better": false, 
          "name": "thread 2 score", 
          "units": null, 
          "value": 1012966
        }, 
        {
          "classifiers": {}, 
          "lower_is_better": false, 
          "name": "thread 2 DMIPS", 
          "units": null, 
          "value": 577
        }, 
        {
          "classifiers": {}, 
          "lower_is_better": false, 
          "name": "thread 3 score", 
          "units": null, 
          "value": 1012966
        }, 
        {
          "classifiers": {}, 
          "lower_is_better": false, 
          "name": "thread 3 DMIPS", 
          "units": null, 
          "value": 577
        }, 
        {
          "classifiers": {}, 
          "lower_is_better": true, 
          "name": "time", 
          "units": "seconds", 
          "value": 24.875763
        }, 
        {
          "classifiers": {}, 
          "lower_is_better": false, 
          "name": "total DMIPS", 
          "units": null, 
          "value": 2308
        }, 
        {
          "classifiers": {}, 
          "lower_is_better": false, 
          "name": "total score", 
          "units": null, 
          "value": 4053097
        }, 
        {
          "classifiers": {}, 
          "lower_is_better": false, 
          "name": "execution_time", 
          "units": "seconds", 
          "value": 50.46686410903931
        }
      ], 
      "workload": "dhrystone"
    }
  ]
}
