{
  "backup_data_uid": "8c2ad4ef3889cb1e",
  "data_name": "geekbench",
  "deps": {
    "wa": {
      "env_key": "WA",
      "local": "yes",
      "name": "ARM Workload Automation",
      "sort": 10,
      "tags": "tool,wa"
    }
  },
  "print_files_after_run": [
    "tmp-output2.tmp",
    "wa_output/status.txt",
    "wa_output/geekbench_1_1/result.txt"
  ],
  "process_in_tmp": "yes",
  "program": "yes",
  "run_cmds": {
    "default": {
      "ignore_return_code": "no",
      "run_time": {
        "fine_grain_timer_file": "tmp-ck-timer.json",
        "run_cmd_main": "wa run geekbench -f",
        "run_cmd_out1": "tmp-output1.tmp",
        "run_cmd_out2": "tmp-output2.tmp",
        "run_output_files": []
      }
    }
  },
  "tags": [
    "wa",
    "workload-automation",
    "geekbench"
  ],
  "wa_desc": "Geekbench provides a comprehensive set of benchmarks engineered to quickly and accurately measure processor and memory performance."
}
