{
  "backup_data_uid": "e48c39c4a6ec4d0b",
  "backup_module_uid": "b0ac08fe1d3c2615",
  "backup_module_uoa": "program",
  "control": {
    "author": "cTuning foundation",
    "author_email": "admin@cTuning.org",
    "author_webpage": "http://cTuning.org",
    "copyright": "See CK COPYRIGHT.txt for copyright details",
    "engine": "CK",
    "iso_datetime": "2016-06-06T11:42:53.561218",
    "license": "See CK LICENSE.txt for licensing details",
    "version": [
      "1",
      "7",
      "2dev"
    ]
  },
  "data_name": "benchmarkpi"
}
