{
  "backup_data_uid": "74f0dbdde4203869",
  "backup_module_uid": "88eef0cd8c43b68a",
  "backup_module_uoa": "docker",
  "control": {
    "author": "Grigori Fursin",
    "author_email": "Grigori.Fursin@cTuning.org",
    "author_webpage": "http://fursin.net",
    "copyright": "See CK COPYRIGHT.txt for copyright details",
    "engine": "CK",
    "iso_datetime": "2016-10-21T20:16:42.123475",
    "license": "See CK LICENSE.txt for licensing details",
    "version": [
      "1",
      "8",
      "3dev"
    ]
  },
  "data_name": "ck-wa-server"
}
