{
  "backup_data_uid": "e65fa1d448ebe27e",
  "backup_module_uid": "694431881401480c",
  "backup_module_uoa": "wa-scenario",
  "control": {
    "author": "cTuning foundation",
    "author_email": "admin@cTuning.org",
    "author_webpage": "http://cTuning.org",
    "copyright": "See CK COPYRIGHT.txt for copyright details",
    "engine": "CK",
    "iso_datetime": "2016-10-06T15:49:29.549686",
    "license": "See CK LICENSE.txt for licensing details",
    "version": [
      "1",
      "8",
      "3dev"
    ]
  },
  "data_name": "fps"
}
