{
  "actions": {
    "show": {
      "desc": "show results",
      "for_web": "yes"
    }
  },
  "module_deps": {
    "program": "b0ac08fe1d3c2615",
    "machine": "84be34883a81b2a9",
    "wa-scenario": "694431881401480c",
    "graph": "2d41f89bcf32d4d4", 
    "wfe": "1e4e644996b7f2a0"
  },
  "copyright": "See CK-WA COPYRIGHT.txt for copyright details",
  "desc": "WA results",
  "developer": "dividiti",
  "developer_email": "grigori@dividiti.com",
  "developer_webpage": "http://dividiti.com",
  "license": "See CK-WA LICENSE.txt for licensing details"
}
