{
  "backup_data_uid": "a97633a534b91a1d",
  "backup_module_uid": "1e4e644996b7f2a0",
  "backup_module_uoa": "wfe",
  "control": {
    "author": "cTuning foundation",
    "author_email": "admin@cTuning.org",
    "author_webpage": "http://cTuning.org",
    "copyright": "See CK COPYRIGHT.txt for copyright details",
    "engine": "CK",
    "iso_datetime": "2016-06-06T17:29:25.378628",
    "license": "See CK LICENSE.txt for licensing details",
    "version": [
      "1",
      "7",
      "2dev"
    ]
  },
  "data_name": "arm-wa"
}
