{
  "top_menu": [
    {
      "url_extra": "action=index&module_uoa=wfe&native_action=show&native_module_uoa=machine", 
      "native_module_uoa":"machine",
      "native_action":"show",
      "default":"no",
      "name": "Targets"
    }, 
    {
      "module_uoa": "", 
      "module_uoas": [
        ""
      ], 
      "url_extra": "action=index&module_uoa=wfe&native_action=show&native_module_uoa=wa-result", 
      "native_module_uoa":"wa-result",
      "native_action":"show",
      "default":"yes",
      "name": "Raw experiments"
    }, 
    {
      "module_uoa": "program", 
      "url_extra_browse":"ck_top_search_tag=wa",
      "module_uoas": [
        "program", 
        "b0ac08fe1d3c2615"
      ], 
      "name": "Workloads"
    }, 
    {
      "module_uoa": "", 
      "module_uoas": [
      ], 
      "name": "Browse"
    }, 
    {
      "name": "Get framework", 
      "url": "https://github.com/dividiti/ck-wa"
    }
  ],
  "extra_html_after_menu":""
}
