{
  "backup_data_uid": "683dbca9e93efb69",
  "data_name": "bbench",
  "deps": {
    "wa": {
      "env_key": "WA",
      "local": "yes",
      "name": "ARM Workload Automation",
      "sort": 10,
      "tags": "tool,wa"
    }
  },
  "print_files_after_run": [
    "tmp-output2.tmp",
    "wa_output/status.txt",
    "wa_output/bbench_1_1/result.txt"
  ],
  "process_in_tmp": "yes",
  "program": "yes",
  "run_cmds": {
    "default": {
      "ignore_return_code": "no",
      "run_time": {
        "fine_grain_timer_file": "tmp-ck-timer.json",
        "run_cmd_main": "wa run bbench -f",
        "run_cmd_out1": "tmp-output1.tmp",
        "run_cmd_out2": "tmp-output2.tmp",
        "run_output_files": []
      }
    }
  },
  "tags": [
    "wa",
    "workload-automation",
    "bbench"
  ],
  "wa_desc": "BBench workload opens the built-in browser and navigates to, and scrolls through, some preloaded web pages and ends the workload by trying to connect to a local server it runs after it starts. It can also play the workload while it plays an audio file in the background."
}
