{
  "backup_data_uid": "78b54d9046924d39",
  "data_name": "glb_corporate",
  "deps": {
    "wa": {
      "env_key": "WA",
      "local": "yes",
      "name": "ARM Workload Automation",
      "sort": 10,
      "tags": "tool,wa"
    }
  },
  "print_files_after_run": [
    "tmp-output2.tmp",
    "wa_output/status.txt",
    "wa_output/glb_corporate_1_1/result.txt"
  ],
  "process_in_tmp": "yes",
  "program": "yes",
  "run_cmds": {
    "default": {
      "ignore_return_code": "no",
      "run_time": {
        "fine_grain_timer_file": "tmp-ck-timer.json",
        "run_cmd_main": "wa run glb_corporate -f",
        "run_cmd_out1": "tmp-output1.tmp",
        "run_cmd_out2": "tmp-output2.tmp",
        "run_output_files": []
      }
    }
  },
  "tags": [
    "wa",
    "workload-automation",
    "glb_corporate"
  ],
  "wa_desc": "GFXBench GL (a.k.a. GLBench) v3.0 Corporate version."
}
