{
  "backup_data_uid": "3d9a4f4b03b1b257", 
  "backup_module_uid": "e7c9e42ba8edace0", 
  "backup_module_uoa": "experiment.view", 
  "control": {
    "author": "cTuning foundation", 
    "author_email": "admin@cTuning.org", 
    "author_webpage": "http://cTuning.org", 
    "copyright": "See CK COPYRIGHT.txt for copyright details", 
    "engine": "CK", 
    "iso_datetime": "2016-06-12T21:13:30.532692", 
    "license": "See CK LICENSE.txt for licensing details", 
    "version": [
      "1", 
      "7", 
      "2dev"
    ]
  }, 
  "data_name": "wa-default"
}
