{
  "backup_data_uid": "53869eb7a3ca4aea",
  "backup_module_uid": "032630d041b4fd8a",
  "backup_module_uoa": "module",
  "control": {
    "author": "cTuning foundation",
    "author_email": "admin@cTuning.org",
    "author_webpage": "http://cTuning.org",
    "copyright": "See CK COPYRIGHT.txt for copyright details",
    "engine": "CK",
    "iso_datetime": "2016-10-07T20:02:14.693912",
    "license": "See CK LICENSE.txt for licensing details",
    "version": [
      "1",
      "8",
      "3dev"
    ]
  },
  "data_name": "wa-params"
}
